<?xml version="1.0" encoding="UTF-8" ?>
<!DOCTYPE mapper PUBLIC "-//mybatis.org//DTD Mapper 3.0//EN" "http://mybatis.org/dtd/mybatis-3-mapper.dtd" >
<mapper namespace="com.example.shiroredis.dao.mapper.SysResourcesMapper" >
  <resultMap id="BaseResultMap" type="com.example.shiroredis.dao.domain.SysResources" >
    <!--
      WARNING - @mbg.generated
    -->
    <id column="id" property="id" jdbcType="INTEGER" />
    <result column="user_name" property="userName" jdbcType="VARCHAR" />
    <result column="res_url" property="resUrl" jdbcType="VARCHAR" />
    <result column="user_type" property="userType" jdbcType="INTEGER" />
    <result column="parent_id" property="parentId" jdbcType="INTEGER" />
    <result column="user_sort" property="userSort" jdbcType="INTEGER" />
  </resultMap>
</mapper>