<?xml version="1.0" encoding="UTF-8"?>
<!DOCTYPE generatorConfiguration
        PUBLIC "-//mybatis.org//DTD MyBatis Generator Configuration 1.0//EN"
        "http://mybatis.org/dtd/mybatis-generator-config_1_0.dtd">

<generatorConfiguration>

    <properties resource="application.yml"/>
    <classPathEntry location="D:/mysql/mysql-connector-java-5.1.46/mysql-connector-java-5.1.46.jar"/>
    <context id="Mysql" targetRuntime="MyBatis3Simple" defaultModelType="flat">
        <property name="beginningDelimiter" value="`"/>
        <property name="endingDelimiter" value="`"/>
        <property name="javaFileEncoding" value="UTF-8"/>
        <plugin type="tk.mybatis.mapper.generator.MapperPlugin">
            <property name="mappers" value="tk.mybatis.mapper.common.Mapper"/>
        </plugin>
        <!-- 注释 -->
        <commentGenerator>
            <!-- 是否生成注释代时间戳 -->
            <property name="suppressDate" value="true"/>
            <!-- 是否去除自动生成的注释 true：是 ： false:否 -->
            <property name="suppressAllComments" value="false"/>
        </commentGenerator>
        <!-- JDBC连接 -->
        <jdbcConnection
                driverClass="com.mysql.jdbc.Driver"
                connectionURL="jdbc:mysql://localhost:3306/shiro?characterEncoding=UTF-8"
                userId="root"
                password="123456">
        </jdbcConnection>
        <!-- 生成实体类地址 -->
        <javaModelGenerator targetPackage="com.example.shiroredis.dao.domain" targetProject="src/main/java"/>
        <!-- 生成mapper xml文件 -->
        <sqlMapGenerator targetPackage="mapper" targetProject="src/main/resources"/>
        <!-- 生成mapper xml对应Client-->
        <javaClientGenerator targetPackage="com.example.shiroredis.dao.mapper" targetProject="src/main/java"
                             type="XMLMAPPER"/>
        <!-- 配置表信息 -->
        <table tableName="%">
            <!--mysql 配置-->
            <generatedKey column="id" sqlStatement="Mysql"/>
            <!--oracle 配置-->
            <!--<generatedKey column="id" sqlStatement="select SEQ_{1}.nextval from dual" identity="false" type="pre"/>-->
        </table>
    </context>
</generatorConfiguration>