[
    {
        "name":"project.face.default-threshold",
        "type":"java.lang.Float",
        "description":"默认阈值",
        "sourceType":"com.zihuiinfo.facesdk.framework.config.FaceProperties",
        "defaultValue":0.5
    },
    {
        "name":"project.facesdk.detector-initial-size",
        "type":"java.lang.Integer",
        "description":"人脸检测初始化数量",
        "sourceType":"com.zihuiinfo.facesdk.framework.config.SDKPoolProperties",
        "defaultValue":3
    },
    {
        "name":"project.facesdk.detector-max-idle",
        "type":"java.lang.Integer",
        "description":"人脸检测最大空闲",
        "sourceType":"com.zihuiinfo.facesdk.framework.config.SDKPoolProperties",
        "defaultValue":5
    },
    {
        "name":"project.facesdk.detector-max-total",
        "type":"java.lang.Integer",
        "description":"人脸检测最大总数",
        "sourceType":"com.zihuiinfo.facesdk.framework.config.SDKPoolProperties",
        "defaultValue":20
    },
    {
        "name":"project.facesdk.detector-min-idle",
        "type":"java.lang.Integer",
        "description":"人脸检测最小空闲",
        "sourceType":"com.zihuiinfo.facesdk.framework.config.SDKPoolProperties",
        "defaultValue":2
    },
    {
        "name":"project.facesdk.hairstyle-detector-initial-size",
        "type":"java.lang.Integer",
        "description":"发型检测初始化数量",
        "sourceType":"com.zihuiinfo.facesdk.framework.config.SDKPoolProperties",
        "defaultValue":2
    },
    {
        "name":"project.facesdk.hairstyle-detector-max-idle",
        "type":"java.lang.Integer",
        "description":"发型检测最大空闲",
        "sourceType":"com.zihuiinfo.facesdk.framework.config.SDKPoolProperties",
        "defaultValue":3
    },
    {
        "name":"project.facesdk.hairstyle-detector-max-total",
        "type":"java.lang.Integer",
        "description":"发型检测最大总数",
        "sourceType":"com.zihuiinfo.facesdk.framework.config.SDKPoolProperties",
        "defaultValue":20
    },
    {
        "name":"project.facesdk.hairstyle-detector-min-idle",
        "type":"java.lang.Integer",
        "description":"发型检测最小空闲",
        "sourceType":"com.zihuiinfo.facesdk.framework.config.SDKPoolProperties",
        "defaultValue":2
    },
    {
        "name":"project.facesdk.human-body-initial-size",
        "type":"java.lang.Integer",
        "description":"人体检测初始化数量",
        "sourceType":"com.zihuiinfo.facesdk.framework.config.SDKPoolProperties",
        "defaultValue":2
    },
    {
        "name":"project.facesdk.human-body-max-idle",
        "type":"java.lang.Integer",
        "description":"人体检测最大空闲",
        "sourceType":"com.zihuiinfo.facesdk.framework.config.SDKPoolProperties",
        "defaultValue":5
    },
    {
        "name":"project.facesdk.human-body-max-total",
        "type":"java.lang.Integer",
        "description":"人体检测最大总数",
        "sourceType":"com.zihuiinfo.facesdk.framework.config.SDKPoolProperties",
        "defaultValue":20
    },
    {
        "name":"project.facesdk.human-body-min-idle",
        "type":"java.lang.Integer",
        "description":"人体检测最小空闲",
        "sourceType":"com.zihuiinfo.facesdk.framework.config.SDKPoolProperties",
        "defaultValue":2
    },
    {
        "name":"project.facesdk.liveness-initial-size",
        "type":"java.lang.Integer",
        "description":"人脸活体检测初始化数量",
        "sourceType":"com.zihuiinfo.facesdk.framework.config.SDKPoolProperties",
        "defaultValue":1
    },
    {
        "name":"project.facesdk.liveness-max-idle",
        "type":"java.lang.Integer",
        "description":"人脸活体检测最大空闲",
        "sourceType":"com.zihuiinfo.facesdk.framework.config.SDKPoolProperties",
        "defaultValue":2
    },
    {
        "name":"project.facesdk.liveness-max-total",
        "type":"java.lang.Integer",
        "description":"人脸活体检测最大总数",
        "sourceType":"com.zihuiinfo.facesdk.framework.config.SDKPoolProperties",
        "defaultValue":10
    },
    {
        "name":"project.facesdk.liveness-min-idle",
        "type":"java.lang.Integer",
        "description":"人脸活体检测最小空闲",
        "sourceType":"com.zihuiinfo.facesdk.framework.config.SDKPoolProperties",
        "defaultValue":1
    },
    {
        "name":"project.facesdk.recognizer-initial-size",
        "type":"java.lang.Integer",
        "description":"人脸特征检测初始化数量",
        "sourceType":"com.zihuiinfo.facesdk.framework.config.SDKPoolProperties",
        "defaultValue":2
    },
    {
        "name":"project.facesdk.recognizer-max-idle",
        "type":"java.lang.Integer",
        "description":"人脸特征检测最大空闲",
        "sourceType":"com.zihuiinfo.facesdk.framework.config.SDKPoolProperties",
        "defaultValue":3
    },
    {
        "name":"project.facesdk.recognizer-max-total",
        "type":"java.lang.Integer",
        "description":"人脸特征检测最大总数",
        "sourceType":"com.zihuiinfo.facesdk.framework.config.SDKPoolProperties",
        "defaultValue":20
    },
    {
        "name":"project.facesdk.recognizer-min-idle",
        "type":"java.lang.Integer",
        "description":"人脸特征检测最小空闲",
        "sourceType":"com.zihuiinfo.facesdk.framework.config.SDKPoolProperties",
        "defaultValue":2
    },
    {
        "name":"project.facesdk.uniform-detector-initial-size",
        "type":"java.lang.Integer",
        "description":"制服检测初始化数量",
        "sourceType":"com.zihuiinfo.facesdk.framework.config.SDKPoolProperties",
        "defaultValue":2
    },
    {
        "name":"project.facesdk.uniform-detector-max-idle",
        "type":"java.lang.Integer",
        "description":"制服检测最大空闲",
        "sourceType":"com.zihuiinfo.facesdk.framework.config.SDKPoolProperties",
        "defaultValue":3
    },
    {
        "name":"project.facesdk.uniform-detector-max-total",
        "type":"java.lang.Integer",
        "description":"制服检测最大总数",
        "sourceType":"com.zihuiinfo.facesdk.framework.config.SDKPoolProperties",
        "defaultValue":20
    },
    {
        "name":"project.facesdk.uniform-detector-min-idle",
        "type":"java.lang.Integer",
        "description":"制服检测最小空闲",
        "sourceType":"com.zihuiinfo.facesdk.framework.config.SDKPoolProperties",
        "defaultValue":2
    },
    {
        "name":"project.kafka.topic.num-partitions",
        "type":"java.lang.Integer",
        "description":"自定义分区",
        "sourceType":"com.zihuiinfo.facesdk.framework.config.KafkaProperties",
        "defaultValue":0
    },
    {
        "name":"project.kafka.topic.recognize-result-topic-name",
        "type":"java.lang.String",
        "description":"发送识别结果",
        "sourceType":"com.zihuiinfo.facesdk.framework.config.KafkaProperties"
    },
    {
        "name":"project.kafka.topic.replication-factor",
        "type":"java.lang.Integer",
        "description":"自定义副本",
        "sourceType":"com.zihuiinfo.facesdk.framework.config.KafkaProperties",
        "defaultValue":0
    },
    {
        "name":"project.kafka.topic.topic-name",
        "type":"java.lang.String",
        "description":"自定义topic名称",
        "sourceType":"com.zihuiinfo.facesdk.framework.config.KafkaProperties"
    },
    {
        "name":"project.resource.assets-root-path",
        "type":"java.lang.String",
        "description":"资源根路径",
        "sourceType":"com.zihuiinfo.facesdk.framework.config.ResourceProperties"
    },
    {
        "name":"project.resource.captured-detect-dir",
        "type":"java.lang.String",
        "description":"抓拍裁剪后路径",
        "sourceType":"com.zihuiinfo.facesdk.framework.config.ResourceProperties"
    },
    {
        "name":"project.resource.captured-origin-dir",
        "type":"java.lang.String",
        "description":"抓拍原图路径",
        "sourceType":"com.zihuiinfo.facesdk.framework.config.ResourceProperties"
    },
    {
        "name":"project.resource.enable",
        "type":"java.lang.Boolean",
        "description":"是否开启文件服务器存储",
        "sourceType":"com.zihuiinfo.facesdk.framework.config.ResourceProperties",
        "defaultValue":false
    },
    {
        "name":"project.resource.file-cache-max-time",
        "type":"java.lang.Integer",
        "description":"访问路径缓存时间",
        "sourceType":"com.zihuiinfo.facesdk.framework.config.ResourceProperties",
        "defaultValue":0
    },
    {
        "name":"project.resource.file-type",
        "type":"com.zihuiinfo.facesdk.common.resource.ResourceType",
        "description":"图片服务器类型",
        "sourceType":"com.zihuiinfo.facesdk.framework.config.ResourceProperties"
    },
    {
        "name":"project.resource.upload-detect-dir",
        "type":"java.lang.String",
        "description":"上传人脸裁剪后路径",
        "sourceType":"com.zihuiinfo.facesdk.framework.config.ResourceProperties"
    },
    {
        "name":"project.resource.upload-origin-dir",
        "type":"java.lang.String",
        "description":"上传人脸原图路径",
        "sourceType":"com.zihuiinfo.facesdk.framework.config.ResourceProperties"
    },
    {
        "name":"project.thread-pool.core-pool-size",
        "type":"java.lang.Integer",
        "description":"核心线程池大小",
        "sourceType":"com.zihuiinfo.facesdk.framework.config.ThreadPoolProperties",
        "defaultValue":50
    },
    {
        "name":"project.thread-pool.enable",
        "type":"java.lang.Boolean",
        "description":"是否开启线程池",
        "sourceType":"com.zihuiinfo.facesdk.framework.config.ThreadPoolProperties",
        "defaultValue":false
    },
    {
        "name":"project.thread-pool.keep-alive-seconds",
        "type":"java.lang.Integer",
        "description":"线程池维护线程所允许的空闲时间",
        "sourceType":"com.zihuiinfo.facesdk.framework.config.ThreadPoolProperties",
        "defaultValue":300
    },
    {
        "name":"project.thread-pool.max-pool-size",
        "type":"java.lang.Integer",
        "description":"最大可创建的线程数",
        "sourceType":"com.zihuiinfo.facesdk.framework.config.ThreadPoolProperties",
        "defaultValue":500
    },
    {
        "name":"project.thread-pool.queue-capacity",
        "type":"java.lang.Integer",
        "description":"队列最大长度",
        "sourceType":"com.zihuiinfo.facesdk.framework.config.ThreadPoolProperties",
        "defaultValue":1000
    },
    {
        "name":"project.version",
        "type":"java.lang.String",
        "description":"系统版本",
        "sourceType":"com.zihuiinfo.facesdk.config.AdminProperties"
    },
    {
        "name":"project.camera.camera-skip-num",
        "type":"java.lang.Integer",
        "description":"默认相机拍摄忽略的张数",
        "sourceType":"com.zihuiinfo.facesdk.framework.config.CameraProperties",
        "defaultValue":5
    },
    {
        "name":"project.camera.frame-rate",
        "type":"java.lang.Integer",
        "description":"相机的帧速",
        "sourceType":"com.zihuiinfo.facesdk.framework.config.CameraProperties",
        "defaultValue":30
    },
    {
        "name":"project.camera.image-height",
        "type":"java.lang.Integer",
        "description":"图片的高度（默认为相机像素）",
        "sourceType":"com.zihuiinfo.facesdk.framework.config.CameraProperties",
        "defaultValue":0
    },
    {
        "name":"project.camera.image-width",
        "type":"java.lang.Integer",
        "description":"图片的宽度（默认为相机像素）",
        "sourceType":"com.zihuiinfo.facesdk.framework.config.CameraProperties",
        "defaultValue":0
    },
    {
        "name":"project.camera.similarity",
        "type":"java.lang.Double",
        "description":"相似度计算被减值<br/> 相似度计算方式  similarity-(抓拍特征和人像库人脸特征 比对结果)=相似度(recognizeResult 中similarity 值)",
        "sourceType":"com.zihuiinfo.facesdk.framework.config.CameraProperties",
        "defaultValue":1.3
    },
    {
        "name":"project.resource.hdfs.url",
        "type":"java.lang.String",
        "description":"hdfs 地址",
        "sourceType":"com.zihuiinfo.resource.hdfs.config.HdfsProperties"
    },
    {
        "name":"project.resource.oss.bucket-name",
        "type":"java.lang.String",
        "description":"容器的名称",
        "sourceType":"com.zihuiinfo.resource.oss.config.OssConfig"
    },
    {
        "name":"project.resource.oss.oss-access-key-id",
        "type":"java.lang.String",
        "description":"容器id",
        "sourceType":"com.zihuiinfo.resource.oss.config.OssConfig"
    },
    {
        "name":"project.resource.oss.oss-access-key-secret",
        "type":"java.lang.String",
        "description":"容器秘钥",
        "sourceType":"com.zihuiinfo.resource.oss.config.OssConfig"
    },
    {
        "name":"project.resource.oss.oss-endpoint",
        "type":"java.lang.String",
        "description":"oss容器地址",
        "sourceType":"com.zihuiinfo.resource.oss.config.OssConfig"
    }
]