<?xml version="1.0" encoding="UTF-8"?>
<!DOCTYPE mapper
        PUBLIC "-//mybatis.org//DTD Mapper 3.0//EN"
        "http://mybatis.org/dtd/mybatis-3-mapper.dtd">

<mapper namespace="com.example.shiroredissession.dao.GoodsDao">

    <insert id="saveOneGoods" parameterType="Goods">
        insert into goods(name, price, num) values (#{name}, #{price}, #{num})
    </insert>

    <delete id="delOneGoodsById">
        delete from goods where id = #{id}
    </delete>

    <update id="updateOneGoodsById">
        update goods set
        name = #{name},
        price = #{price},
        num = #{num}
        where id = #{id}
    </update>

    <select id="queryOneGoodsByName" resultType="Goods">
        select * from goods where name = #{name}
    </select>

    <select id="queryAllGoods" resultType="Goods">
        select * from goods
    </select>

</mapper>